key,fr,wo,en
app.back,"Retour","G√©nn","Back"
app.cancel,"Annuler","W√†√±√±i","Cancel"
app.close,"Fermer","Tugg","Close"
app.confirm,"Confirmer","Seetlu","Confirm"
app.delete,"Supprimer","S√†cc","Delete"
app.done,"Termin√©","Jeex na","Done"
app.edit,"Modifier","Soppi","Edit"
app.error,"Une erreur est survenue","Nj√†ngat bu amul","An error occurred"
app.loading,"Chargement en cours‚Ä¶","Mi ngi fey‚Ä¶","Loading‚Ä¶"
app.name,"SunuS√†v","SunuS√†v","SunuS√†v"
app.next,"Suivant","Ci kanam","Next"
app.offline,"Mode hors-ligne activ√©","Jokkoo dul nekk","Offline mode enabled"
app.open,"Ouvrir","Ubbi","Open"
app.previous,"Pr√©c√©dent","Ci gannaaw","Previous"
app.queued,"Transaction mise en file d'attente","Naan - offline","Transaction queued"
app.refresh,"Actualiser","Fayale","Refresh"
app.retry,"R√©essayer","J√©emaatal","Retry"
app.save,"Enregistrer","Fay","Save"
app.success,"Op√©ration r√©ussie","Li nga def am na","Operation successful"
app.syncing,"Synchronisation en cours‚Ä¶","Mi ngi y√≥bbu‚Ä¶","Syncing in progress‚Ä¶"
app.tagline,"Nos √©conomies, notre avenir","Sunu xaalis, sunu jamm","Our savings, our future"
app.welcome,"Bienvenue, {{name}}","B√´gg nga ci, {{name}}","Welcome, {{name}}"
auth.create_account,"Cr√©er un nouveau compte","Sos kont bu bees","Create new account"
auth.disclaimer,"En continuant, vous acceptez nos conditions d'utilisation","Ci j√´kka, ngeen nangal sunu xeet","By continuing, you accept our terms of use"
auth.enter_phone,"Entrez votre num√©ro de t√©l√©phone","Dugal sa num√©ro telefoon","Enter your phone number"
auth.forgot_password,"Mot de passe oubli√©?","J√†ppal sa password?","Forgot password?"
auth.invalid_code,"Code invalide","Code bi du baax","Invalid code"
auth.invalid_phone,"Num√©ro de t√©l√©phone invalide","T√©l√©phone bu bonul","Invalid phone number"
auth.login,"Connexion","Dugg","Login"
auth.login_failed,"√âchec de la connexion","J√´kk bi j√†pp","Login failed"
auth.logout,"D√©connexion","G√©nn","Logout"
auth.nostr_login,"Connexion via cl√© Nostr","Dugg ak Nostr","Login with Nostr"
auth.phone_login,"Connexion par t√©l√©phone","Dugg ak t√©l√©foon","Login with phone"
auth.phone_number,"Num√©ro de T√©l√©phone","T√©l√©phone","Phone Number"
auth.remember_me,"Se souvenir de moi","F√†ttal ma","Remember me"
auth.signup,"Cr√©er un compte","Sos ak kont","Create account"
auth.verify,"V√©rifier","Seetlu","Verify"
auth.welcome_back,"Bon retour parmi nous","B√´gg nga ci","Welcome back"
community.community,"Communaut√©","G√´stu","Community"
community.empowerment,"Autonomisation","W√†ll","Empowerment"
community.entrepreneurs,"Entrepreneurs","J√´fandikukat","Entrepreneurs"
community.farmers,"Agriculteurs","Ngor","Farmers"
community.financial_inclusion,"Inclusion financi√®re","Dugg ci xaalis","Financial inclusion"
community.investment,"Investissement","J√´fandikoo","Investment"
community.savings,"√âpargne","Fayale","Savings"
community.solidarity,"Solidarit√©","J√´fandikoo","Solidarity"
community.students,"√âtudiants","J√†ngalekat","Students"
community.traditional_tontines,"Tontines traditionnelles modernis√©es","Tontine yu cosaan yi","Traditional tontines modernized"
community.trust,"Confiance","G√´m","Trust"
community.women,"Femmes","Jig√©en","Women"
community.youth,"Jeunes","Xale","Youth"
errors.account_locked,"Compte verrouill√©.","Kont bi √±u tugg na.","Account locked."
errors.already_member,"Vous √™tes d√©j√† membre de ce groupe.","Yaa ngi ci group bi.","You are already a member of this group."
errors.contribution_due,"Contribution en retard.","Jox bi √±u wut.","Contribution overdue."
errors.expired_code,"Code de v√©rification expir√©.","Code bi dugg na.","Verification code expired."
errors.forbidden,"Acc√®s interdit.","Duggul.","Access forbidden."
errors.group_full,"Le groupe est complet.","Group bi jeex na.","Group is full."
errors.insufficient_funds,"Fonds insuffisants.","Xaalis amul.","Insufficient funds."
errors.invalid_amount,"Montant invalide.","Yoon bi du baax.","Invalid amount."
errors.invalid_code,"Code de v√©rification invalide.","Code bi du baax.","Invalid verification code."
errors.invalid_phone,"Num√©ro de t√©l√©phone invalide.","T√©l√©phone bu bonul.","Invalid phone number."
errors.maintenance,"Maintenance en cours.","Mi ngi defar.","Maintenance in progress."
errors.network,"Pas de connexion Internet.","Jokkoo dul nekk.","No internet connection."
errors.not_found,"Ressource non trouv√©e.","Gisul.","Resource not found."
errors.not_member,"Vous n'√™tes pas membre de ce groupe.","Duggul ci group bi.","You are not a member of this group."
errors.server,"Erreur serveur. Veuillez r√©essayer plus tard.","Nj√†ngat ci serveur bi.","Server error. Please try again later."
errors.timeout,"D√©lai d'attente d√©pass√©.","Waxtu bi dugg na.","Request timeout."
errors.unauthorized,"Acc√®s non autoris√©.","Duggul.","Unauthorized access."
errors.unknown,"Erreur inconnue.","Nj√†ngat bu kenn xamul.","Unknown error."
errors.validation,"Donn√©es invalides.","Xam-xam yi du baax.","Invalid data."
frequency.daily,"Quotidien","B√©s bu nekk","Daily"
frequency.monthly,"Mensuel","Weer","Monthly"
frequency.quarterly,"Trimestriel","Fukki weer","Quarterly"
frequency.weekly,"Hebdomadaire","Ayub√©s","Weekly"
frequency.yearly,"Annuel","At","Yearly"
notifications.contribution_reminder,"Rappel: votre contribution est due","Xal: sa jox √±u wut ko tey","Reminder: your contribution is due today"
notifications.contribution_success,"Votre contribution de {{amount}} sats a √©t√© re√ßue.","Jox nga {{amount}} sats. J√´r√´j√´f!","Your contribution of {{amount}} sats has been received."
notifications.group_completed,"F√©licitations! Votre groupe a termin√© un cycle","F√©licitations! Sa group jeex na j√´f","Congratulations! Your group completed a cycle"
notifications.low_balance,"Votre solde est faible","Sa j√´fandikukat tuuti na","Your balance is low"
notifications.network_error,"Erreur de connexion r√©seau","Nj√†ngat ci jokkoo","Network connection error"
notifications.new_group_member,"Un nouveau membre a rejoint votre groupe","Nit bu bees dimloo na sa group","A new member joined your group"
notifications.offline_queue,"Votre transaction a √©t√© enregistr√©e hors-ligne.","Sa jox mi ngi naan ‚Äî offline.","Your transaction has been queued offline."
notifications.payout_available,"Votre paiement est maintenant disponible","Sa jox mi ngi pare tey","Your payout is now available"
notifications.payout_received,"Vous avez re√ßu votre paiement de {{amount}} sats üéâ","Jot nga {{amount}} sats üéâ","You received your payment of {{amount}} sats üéâ"
notifications.sync_complete,"Toutes les donn√©es sont √† jour.","Y√≥bbu bi pare na.","All data is up to date."
onboarding.add_members,"Ajouter des membres","Daajal nit","Add Members"
onboarding.amount_placeholder,"ex: 10000","Dugal yoon bi","e.g., 10000"
onboarding.amount_required,"Le montant de contribution est requis","Yoon bi √±u wut","Contribution amount is required"
onboarding.creating,"Cr√©ation...","Mi ngi sos","Creating..."
onboarding.description,"Description","Wax ci tontine bi","Description"
onboarding.description_placeholder,"Description optionnelle...","Wax ci tontine bi","Optional description..."
onboarding.failed_to_create_tontine,"√âchec de cr√©ation de la tontine","Sos tontine bi j√†pp","Failed to create tontine"
onboarding.get_started,"Commencer","J√´kka","Get started"
onboarding.max_members,"Membres maximum","Nit √±i √±u am","Maximum Members"
onboarding.max_members_placeholder,"ex: 12","Dugal nit √±i √±u am","e.g., 12"
onboarding.members_added,"membres ajout√©s","Nit √±i √±u daaj na√±u","members added"
onboarding.members_note,"Vous pouvez ajouter des membres maintenant ou les inviter plus tard par SMS ou QR code","Xal ci nit √±i","You can add members now or invite them later via SMS or QR code"
onboarding.min_members_required,"Minimum 2 membres requis","Nit √±i √±u wut","Minimum 2 members required"
onboarding.name_required,"Le nom du groupe est requis","Tur bi √±u wut","Group name is required"
onboarding.next_step,"√âtape suivante","J√´kk ci kanam","Next step"
onboarding.previous_step,"√âtape pr√©c√©dente","G√©nn ci gannaaw","Previous step"
onboarding.skip,"Passer","D√†q","Skip"
onboarding.step,"√âtape","J√´kk","Step"
onboarding.step_1_desc,"Formez un cercle d'√©pargne avec vos proches","Sos ak sa mbokk yi","Form a savings circle with your loved ones"
onboarding.step_1_subtitle,"Configurez les d√©tails de votre groupe tontine","Sos ak sa mbokk yi","Set up your tontine group details"
onboarding.step_1_title,"Informations de base","Sos sa group","Basic Information"
onboarding.step_2_desc,"Chaque membre contribue un montant fixe","Keneen keneen jox yoon bu w√≥or","Each member contributes a fixed amount"
onboarding.step_2_subtitle,"Invitez des personnes √† rejoindre votre groupe","Keneen keneen jox yoon bu w√≥or","Invite people to join your group"
onboarding.step_2_title,"Ajouter des membres","Jox ci yoon","Add Members"
onboarding.step_3_desc,"√Ä tour de r√¥le, un membre re√ßoit le pot commun","Ci yoon, keneen jot li √±u amal","In turn, one member receives the common pot"
onboarding.step_3_subtitle,"V√©rifiez vos d√©tails et cr√©ez le groupe","Ci yoon, keneen jot li √±u amal","Check your details and create the group"
onboarding.step_3_title,"R√©viser et cr√©er","Jot sa jox","Review & Create"
onboarding.step_4_desc,"Utilisez le r√©seau Lightning pour des paiements instantan√©s","J√´fandikoo Lightning ngir feewal ci j√´kk","Use the Lightning Network for instant payments"
onboarding.step_4_title,"S√©curis√© avec Bitcoin","Tey ak Bitcoin","Secured with Bitcoin"
onboarding.tontine_created_successfully,"Tontine cr√©√©e avec succ√®s!","Tontine bi sos na lu baax","Tontine created successfully!"
onboarding.tontine_name,"Nom du groupe","Tur tontine bi","Group Name"
onboarding.tontine_name_placeholder,"ex: Cercle d'√©pargne familial","Dugal tur tontine bi","e.g., Family Savings Circle"
onboarding.welcome_subtitle,"Vos √©conomies, votre avenir","Sunu xaalis, sunu jamm","Your savings, your future"
onboarding.welcome_title,"Bienvenue sur SunuS√†v","B√´gg nga ci SunuS√†v","Welcome to SunuS√†v"
settings.about,"√Ä propos","Ci mbirum SunuS√†v","About"
settings.account,"Compte","Kont","Account"
settings.backup,"Sauvegarde","Fayale","Backup"
settings.choose_language,"Choisir la langue","T√†nn l√†kk bi","Choose language"
settings.dashboard,"Tableau de bord","Dashboard","Dashboard"
settings.en,"Anglais","Anglais","English"
settings.export_data,"Exporter les donn√©es","Y√≥nnee xam-xam yi","Export data"
settings.fr,"Fran√ßais","Fran√ßais","Fran√ßais"
settings.help,"Aide","J√†ppal","Help"
settings.import_data,"Importer les donn√©es","J√´l xam-xam yi","Import data"
settings.language,"Langue","L√†kk","Language"
settings.logout,"Se d√©connecter","G√©nn","Logout"
settings.notifications,"Notifications","Xibaar","Notifications"
settings.privacy,"Confidentialit√©","Sutura","Privacy"
settings.restore,"Restaurer","D√´kkal","Restore"
settings.security,"S√©curit√©","Tey","Security"
settings.support,"Support","D√´kkal","Support"
settings.terms,"Conditions d'utilisation","Xeet yi","Terms of use"
settings.theme,"Th√®me","Xarnu","Theme"
settings.version,"Version de l'application","Njumte app bi","App version"
settings.wo,"Wolof","Wolof","Wolof"
sms.contribution_received,"Votre contribution de {{amount}} sats a bien √©t√© re√ßue.","Jox nga {{amount}} sats SunuS√†v.","Your contribution of {{amount}} sats has been received."
sms.contribution_reminder,"Rappel: votre contribution de {{amount}} sats est due aujourd'hui.","Xal: sa jox {{amount}} sats √±u wut ko tey.","Reminder: your contribution of {{amount}} sats is due today."
sms.error,"Une erreur s'est produite. Veuillez r√©essayer plus tard.","Nj√†ngat am na. J√©emaatal ci kanam.","An error occurred. Please try again later."
sms.group_completed,"F√©licitations! Votre groupe {{groupName}} a termin√© un cycle.","F√©licitations! Sa group {{groupName}} jeex na j√´f.","Congratulations! Your group {{groupName}} completed a cycle."
sms.group_joined,"Vous avez rejoint le groupe {{groupName}} avec succ√®s.","Dimloo na nga group {{groupName}} lu baax.","You have successfully joined group {{groupName}}."
sms.low_balance,"Attention: votre solde est faible ({{balance}} sats).","Xal: sa j√´fandikukat tuuti na ({{balance}} sats).","Warning: your balance is low ({{balance}} sats)."
sms.payout_available,"Votre paiement de {{amount}} sats est maintenant disponible.","Sa jox {{amount}} sats mi ngi pare tey.","Your payment of {{amount}} sats is now available."
sms.payout_notif,"Vous avez re√ßu votre paiement SunuS√†v de {{amount}} sats.","Jot nga {{amount}} sats ci tontine bi.","You received your SunuS√†v payment of {{amount}} sats."
sms.welcome,"Bienvenue sur SunuS√†v! Votre compte a √©t√© cr√©√© avec succ√®s.","B√´gg nga ci SunuS√†v! Sa kont sos na lu baax.","Welcome to SunuS√†v! Your account has been created successfully."
status.active,"Actif","J√´m ci kanam","Active"
status.cancelled,"Annul√©","W√†√±√±i","Cancelled"
status.completed,"Termin√©","Jeex na","Completed"
status.draft,"Brouillon","Brouillon","Draft"
status.paused,"En pause","D√†q","Paused"
status.pending,"En attente","Naan","Pending"
time.last_month,"Le mois dernier","Weer bi j√´kk","Last month"
time.last_week,"La semaine derni√®re","Ayub√©s bi j√´kk","Last week"
time.last_year,"L'ann√©e derni√®re","At bi j√´kk","Last year"
time.next_month,"Le mois prochain","Weer bi j√´m","Next month"
time.next_week,"La semaine prochaine","Ayub√©s bi j√´m","Next week"
time.next_year,"L'ann√©e prochaine","At bi j√´m","Next year"
time.now,"Maintenant","Tey","Now"
time.this_month,"Ce mois","Weer bi","This month"
time.this_week,"Cette semaine","Ayub√©s bi","This week"
time.this_year,"Cette ann√©e","At bi","This year"
time.today,"Aujourd'hui","Tey","Today"
time.tomorrow,"Demain","Sub","Tomorrow"
time.yesterday,"Hier","D√©mb","Yesterday"
tontine.amount_label,"Montant par cycle (en sats)","Yoon bu √±u jox (sats)","Amount per cycle (in sats)"
tontine.community_savings_circle,"Cercle d'√©pargne communautaire","G√´stu ci fayale","Community savings circle"
tontine.complete,"termin√©","Jeex na","complete"
tontine.confirm_contribution,"Confirmer la contribution?","Ndax b√´gg nga jox?","Confirm contribution?"
tontine.contribute,"Contribuer {{amount}} sats","Jox {{amount}} sats","Contribute {{amount}} sats"
tontine.contribution_amount,"Montant de la contribution","Yoon bu √±u jox","Contribution amount"
tontine.contribution_due,"Contribution due","Jox bi √±u wut","Contribution due"
tontine.create,"Cr√©er une tontine","Sos tontine","Create tontine"
tontine.create_or_join,"Cr√©ez ou rejoignez une tontine pour commencer","Sos walla begg tontine","Create or join a tontine to get started"
tontine.current_cycle,"Cycle actuel","J√´f Ci J√´kk","Current cycle"
tontine.cycle_completed,"Cycle termin√©","J√´f bi jeex na","Cycle completed"
tontine.description_label,"Description du groupe","Wax ci tontine bi","Group description"
tontine.frequency_label,"Fr√©quence des contributions","√ëaata la √±u jox","Contribution frequency"
tontine.group_full,"Ce groupe est complet","Group bi jeex na","This group is full"
tontine.history,"Historique des cycles","J√†ngal ci kanam","Cycle history"
tontine.insufficient_funds,"Fonds insuffisants","Xaalis amul","Insufficient funds"
tontine.join,"Rejoindre une tontine","Dimloo tontine bi","Join tontine"
tontine.join_group,"Rejoindre ce groupe","Dimloo group bi","Join this group"
tontine.leave_group,"Quitter le groupe","G√©nn ci group bi","Leave group"
tontine.max_members_label,"Nombre maximum de membres","Nit √±i √±u am","Maximum number of members"
tontine.members,"Membres","Nit √±i","Members"
tontine.name_label,"Nom du groupe","Tur tontine bi","Group name"
tontine.next_payout,"Prochain paiement: {{date}}","Yoon bu j√´m: {{date}}","Next payout: {{date}}"
tontine.no_active_tontines,"Aucune tontine active","Tontine amul","No active tontines"
tontine.paid,"Pay√©","Feewal na","Paid"
tontine.pay_now,"Payer maintenant","Feewal ci j√´kk","Pay now"
tontine.payment_amount,"Montant du paiement","Feewal","Payment amount"
tontine.payout_ready,"Paiement disponible!","Li √±u jox na√±u!","Payout available!"
tontine.payout_scheduled,"Paiement programm√©","Jox bi √±u w√†√±√±i","Payout scheduled"
tontine.pool_balance,"Solde du groupe","Li √±u amal","Group balance"
tontine.status_active,"Actif","J√´m ci kanam","Active"
tontine.status_completed,"Termin√©","Jeex na","Completed"
tontine.status_pending,"En attente","Naan","Pending"
tontine.success,"Contribution r√©ussie ‚úÖ","Jox na nga lu baax ‚úÖ","Contribution successful ‚úÖ"
tontine.time_remaining,"Temps restant:","Waxtu ci des:","Time remaining:"
tontine.tontine_details,"D√©tails de la tontine","Tontine Details","Tontine details"
tontine.total_cycles,"Cycles totaux","J√´f Y√©pp","Total cycles"
tontine.view,"Voir","Seet","View"
tontine.your_tontines,"Vos tontines Bitcoin","Sunu tontine Bitcoin","Your Bitcoin tontines"
ussd.already_member,"Vous √™tes d√©j√† membre","Yaa ngi ci group bi","You are already a member"
ussd.balance_info,"Votre solde: {{balance}} sats","Sa j√´fandikukat: {{balance}} sats","Your balance: {{balance}} sats"
ussd.confirm_contrib,"Confirmez la contribution de {{amount}} sats (1=Oui / 2=Non)","Ndax b√´gg nga jox {{amount}} sats? 1=Waaw 2=D√©ed√©et","Confirm contribution of {{amount}} sats (1=Yes / 2=No)"
ussd.contribution_success,"Contribution r√©ussie","Jox bi am na","Contribution successful"
ussd.error,"Erreur, r√©essayez.","Nj√†ngat - j√©emaatal.","Error, please try again."
ussd.group_full,"Groupe complet","Group bi jeex na","Group is full"
ussd.group_not_found,"Groupe non trouv√©","Group bi gisul","Group not found"
ussd.help_text,"Pour plus d'aide, contactez le support","Ngir j√†ppal, j√´kkal support","For more help, contact support"
ussd.insufficient_funds,"Fonds insuffisants","Xaalis amul","Insufficient funds"
ussd.invalid_selection,"S√©lection invalide","T√†nn bi du baax","Invalid selection"
ussd.menu,"1. Rejoindre
2. Contribuer
3. Solde
4. Historique
Tapez le num√©ro:","1. Dimloo
2. Jox
3. J√´fandikukat
4. J√†ngal
Dugal nimero bi:","1. Join
2. Contribute
3. Balance
4. History
Enter number:"
ussd.no_transactions,"Aucune transaction","Feewal amul","No transactions"
ussd.success,"Contribution confirm√©e. Merci!","Jox bi am na. J√´r√´j√´f!","Contribution confirmed. Thank you!"
ussd.transaction_history,"Historique des transactions","J√†ngal ci feewal yi","Transaction history"
wallet.amount_unknown,"Montant inconnu","Yoon bi xamul","Amount unknown"
wallet.balance,"Solde: {{balance}} sats","J√´fandikukat: {{balance}} sats","Balance: {{balance}} sats"
wallet.camera_permission_message,"Nous avons besoin de la permission cam√©ra pour scanner les QR codes Lightning","Dugg ci kam√©ra ngir t√†nn QR code","We need camera permission to scan Lightning QR codes"
wallet.camera_permission_title,"Permission cam√©ra","Dugg ci kam√©ra","Camera Permission"
wallet.confirm_payment,"Confirmer le paiement","Seetlu feewal","Confirm Payment"
wallet.confirm_payment_details,"Confirmez les d√©tails du paiement","Seetlu feewal details","Confirm the payment details"
wallet.confirmed_transactions,"Transactions confirm√©es","Feewal yi √±u seetlu","Confirmed transactions"
wallet.copied,"Copi√©!","Daajal na!","Copied!"
wallet.copy,"Copier","Jox","Copy"
wallet.copy_invoice,"Copier la facture","Daajal faktuur bi","Copy invoice"
wallet.copy_lightning_invoice,"Copiez la facture Lightning depuis votre portefeuille","Daajal Lightning faktuur","Copy the Lightning invoice from your wallet"
wallet.enter_lightning_invoice,"Entrez la facture Lightning manuellement","Dugal Lightning faktuur","Enter Lightning invoice manually"
wallet.flash_off,"Flash d√©sactiv√©","Flash tugg","Flash Off"
wallet.flash_on,"Flash activ√©","Flash ubbi","Flash On"
wallet.how_to_pay,"Comment payer?","Naka la feewal?","How to pay?"
wallet.instant_payments,"Paiements instantan√©s","Feewal Ci J√´kk","Instant payments"
wallet.insufficient_balance,"Solde insuffisant","J√´fandikukat amul","Insufficient balance"
wallet.invalid_qr,"QR code invalide","QR code du baax","Invalid QR code"
wallet.invoice_expired,"Facture expir√©e","Faktuur bi dugg na","Invoice expired"
wallet.lightning_invoice,"Facture Lightning:","Facture Lightning:","Lightning invoice:"
wallet.lightning_network,"R√©seau Lightning","R√©seau Lightning","Lightning Network"
wallet.lightning_payment,"Paiement Lightning","Feewal Lightning","Lightning Payment"
wallet.lnurl_detected,"LNURL d√©tect√©","LNURL gis na","LNURL detected"
wallet.lnurl_not_supported_yet,"Les paiements LNURL ne sont pas encore support√©s","LNURL amul tey","LNURL payments are not supported yet"
wallet.lnurl_receive,"Paiement Lightning re√ßu","Jot Lightning bi am na","Lightning payment received"
wallet.lnurl_send,"Paiement Lightning envoy√©","Y√≥nnee Lightning bi am na","Lightning payment sent"
wallet.memo,"M√©mo","Xal","Memo"
wallet.offline_mode,"Mode hors-ligne","Jokkoo dul nekk","Offline mode"
wallet.paste_invoice_above,"Collez-la dans le champ ci-dessus","Daajal faktuur ci kanam","Paste it in the field above"
wallet.paste_invoice_here,"Collez la facture Lightning ici...","Daajal faktuur ci","Paste Lightning invoice here..."
wallet.payment_completed_successfully,"Paiement termin√© avec succ√®s!","Feewal bi jeex na lu baax","Payment completed successfully!"
wallet.payment_error,"Erreur de paiement","Nj√†ngat ci feewal","Payment error"
wallet.payment_failed,"Paiement √©chou√©","Feewal bi j√†pp","Payment failed"
wallet.payment_queued_offline,"Le paiement a √©t√© mis en file d'attente et sera trait√© quand vous serez en ligne","Feewal bi naan - offline","Payment has been queued and will be processed when you're back online"
wallet.payment_success,"Paiement r√©ussi!","Feewal bi am na","Payment successful!"
wallet.pending_transactions,"Transactions en attente","Feewal yi √±u naan","Pending transactions"
wallet.please_scan_lightning_invoice,"Veuillez scanner une facture Lightning Network","T√†nn Lightning faktuur","Please scan a Lightning Network invoice"
wallet.please_wait,"Veuillez patienter pendant le traitement","Naan ci","Please wait while we process your payment"
wallet.position_qr_in_frame,"Positionnez le QR code dans le cadre","T√†nn QR code ci frame bi","Position the QR code within the frame"
wallet.private_keys,"Cl√©s priv√©es prot√©g√©es","Tey ci xel","Private keys protected"
wallet.process_payment,"Traiter le paiement","J√´f feewal","Process Payment"
wallet.processing_payment,"Traitement du paiement...","Mi ngi feewal","Processing payment..."
wallet.receive,"Recevoir","Jot","Receive"
wallet.reset,"R√©initialiser","Fayale","Reset"
wallet.returning_to_home,"Retour √† l'√©cran d'accueil...","Mi ngi g√©nn ci k√´r","Returning to home screen..."
wallet.scan_error,"Erreur de scan","T√†nn bi j√†pp","Scan error"
wallet.scan_qr,"Scanner un QR code","T√†nn QR code","Scan QR code"
wallet.scan_qr_instruction,"Scannez le QR code avec votre portefeuille Lightning","Scan QR code ci portefeuille Lightning","Scan the QR code with your Lightning wallet"
wallet.secure,"S√©curis√©","Tey","Secure"
wallet.send,"Envoyer","Y√≥nnee","Send"
wallet.share,"Partager","Jox","Share"
wallet.step_1,"Ouvrez votre app de portefeuille Bitcoin","Ubbi portefeuille Bitcoin","Open your Bitcoin wallet app"
wallet.step_2,"Scannez le QR code ci-dessus","Scan QR code","Scan the QR code above"
wallet.step_3,"Confirmez le paiement","J√´f feewal","Confirm the payment"
wallet.step_4,"Attendez la confirmation automatique","J√´kk confirmation","Wait for automatic confirmation"
wallet.tap_process_payment,"Appuyez sur 'Traiter le paiement'","T√†nn ngir j√´f feewal","Tap 'Process Payment'"
wallet.transaction_failed,"Transaction √©chou√©e","Feewal bi j√†pp","Transaction failed"
wallet.transaction_history,"Historique des transactions","J√†ngal ci feewal yi","Transaction history"
wallet.transaction_success,"Transaction r√©ussie","Feewal bi am na","Transaction successful"
wallet.unknown_error,"Erreur inconnue","Nj√†ngat bu kenn xamul","Unknown error occurred"
wallet.waiting_payment,"En attente de paiement...","J√´kk feewal...","Waiting for payment..."
wallet.with_lightning,"Avec le r√©seau Lightning","Ci R√©seau Lightning","With Lightning Network"